[
  {
    "report_time": "2025-07-15T11:00:23.335571",
    "system_metrics": {
      "timestamp": "2025-07-15T11:00:23.242573",
      "cpu_percent": 4.5,
      "memory_percent": 88.5,
      "memory_total_gb": 15.86,
      "memory_used_gb": 14.03,
      "disk_percent": 78.2,
      "disk_total_gb": 476.13,
      "disk_used_gb": 372.53,
      "network_sent_mb": 167.24,
      "network_recv_mb": 291.09,
      "process_count": 297
    },
    "django_metrics": {
      "error": "cannot import name 'SupplierProfile' from 'suppliers.models' (C:\\Users\\NM6101103\\Desktop\\reunion\\suppliers\\models.py)",
      "timestamp": "2025-07-15T11:00:23.243574"
    },
    "health_check": {
      "timestamp": "2025-07-15T11:00:23.335571",
      "test_results": {
        "home": {
          "status_code": 200,
          "response_time": 0.057,
          "success": true
        },
        "events": {
          "status_code": 200,
          "response_time": 0.007,
          "success": true
        },
        "suppliers": {
          "status_code": 200,
          "response_time": 0.005,
          "success": true
        },
        "dj_list": {
          "status_code": 200,
          "response_time": 0.01,
          "success": true
        },
        "admin": {
          "status_code": 302,
          "response_time": 0.013,
          "success": true
        }
      },
      "health_score": 100.0,
      "status": "healthy"
    },
    "alerts": [
      {
        "type": "memory_high",
        "severity": "warning",
        "message": "內存使用率過高: 88.5%",
        "value": 88.5,
        "threshold": 85.0
      }
    ],
    "summary": {
      "overall_status": "warning",
      "alert_count": 1,
      "health_score": 100.0
    }
  },
  {
    "report_time": "2025-07-15T11:02:41.259489",
    "system_metrics": {
      "timestamp": "2025-07-15T11:02:41.168490",
      "cpu_percent": 4.5,
      "memory_percent": 85.3,
      "memory_total_gb": 15.86,
      "memory_used_gb": 13.52,
      "disk_percent": 78.2,
      "disk_total_gb": 476.13,
      "disk_used_gb": 372.54,
      "network_sent_mb": 169.72,
      "network_recv_mb": 307.53,
      "process_count": 299
    },
    "django_metrics": {
      "error": "cannot import name 'SupplierProfile' from 'suppliers.models' (C:\\Users\\NM6101103\\Desktop\\reunion\\suppliers\\models.py)",
      "timestamp": "2025-07-15T11:02:41.168490"
    },
    "health_check": {
      "timestamp": "2025-07-15T11:02:41.259489",
      "test_results": {
        "home": {
          "status_code": 200,
          "response_time": 0.055,
          "success": true
        },
        "events": {
          "status_code": 200,
          "response_time": 0.008,
          "success": true
        },
        "suppliers": {
          "status_code": 200,
          "response_time": 0.005,
          "success": true
        },
        "dj_list": {
          "status_code": 200,
          "response_time": 0.01,
          "success": true
        },
        "admin": {
          "status_code": 302,
          "response_time": 0.012,
          "success": true
        }
      },
      "health_score": 100.0,
      "status": "healthy"
    },
    "alerts": [
      {
        "type": "memory_high",
        "severity": "warning",
        "message": "內存使用率過高: 85.3%",
        "value": 85.3,
        "threshold": 85.0
      }
    ],
    "summary": {
      "overall_status": "warning",
      "alert_count": 1,
      "health_score": 100.0
    }
  },
  {
    "report_time": "2025-07-15T11:23:14.800641",
    "system_metrics": {
      "timestamp": "2025-07-15T11:23:14.698461",
      "cpu_percent": 5.1,
      "memory_percent": 71.0,
      "memory_total_gb": 15.86,
      "memory_used_gb": 11.26,
      "disk_percent": 78.2,
      "disk_total_gb": 476.13,
      "disk_used_gb": 372.54,
      "network_sent_mb": 180.53,
      "network_recv_mb": 370.93,
      "process_count": 299
    },
    "django_metrics": {
      "error": "cannot import name 'SupplierProfile' from 'suppliers.models' (C:\\Users\\NM6101103\\Desktop\\reunion\\suppliers\\models.py)",
      "timestamp": "2025-07-15T11:23:14.698461"
    },
    "health_check": {
      "timestamp": "2025-07-15T11:23:14.800641",
      "test_results": {
        "home": {
          "status_code": 200,
          "response_time": 0.067,
          "success": true
        },
        "events": {
          "status_code": 200,
          "response_time": 0.007,
          "success": true
        },
        "suppliers": {
          "status_code": 200,
          "response_time": 0.005,
          "success": true
        },
        "dj_list": {
          "status_code": 200,
          "response_time": 0.01,
          "success": true
        },
        "admin": {
          "status_code": 302,
          "response_time": 0.012,
          "success": true
        }
      },
      "health_score": 100.0,
      "status": "healthy"
    },
    "alerts": [],
    "summary": {
      "overall_status": "healthy",
      "alert_count": 0,
      "health_score": 100.0
    }
  }
]