[
  {
    "timestamp": "2025-07-15T11:02:49.523357",
    "command": "deploy",
    "results": {
      "error": "Object of type WindowsPath is not JSON serializable",
      "command": "deploy",
      "execution_time": 2.15509
    },
    "version": "2.0.0"
  },
  {
    "timestamp": "2025-07-15T11:07:01.057553",
    "command": "deploy",
    "results": {
      "module": "deploy",
      "action": "check",
      "result": {
        "checks": {
          "migrations": {
            "passed": true,
            "message": "所有遷移已應用",
            "details": null
          },
          "dependencies": {
            "passed": false,
            "message": "依賴項有問題",
            "details": "chromadb 0.6.3 has requirement httpx>=0.27.0, but you have httpx 0.24.1.\ndatasets 3.5.0 has requirement requests>=2.32.2, but you have requests 2.31.0.\njupyterlab 4.2.5 has requirement httpx>=0.25.0, but you have httpx 0.24.1.\nline-bot-sdk 3.17.1 has requirement requests<3,>=2.32.3, but you have requests 2.31.0.\nllama-cloud 0.1.8 has requirement certifi<2025.0.0,>=2024.7.4, but you have certifi 2023.5.7.\nllama-index-readers-file 0.4.3 has requirement beautifulsoup4<5.0.0,>=4.12.3, but you have beautifulsoup4 4.12.2.\nollama 0.4.6 has requirement httpx<0.28.0,>=0.27.0, but you have httpx 0.24.1.\nselenium 4.33.0 has requirement certifi>=2025.4.26, but you have certifi 2023.5.7.\ntensorflow-intel 2.12.0 has requirement numpy<1.24,>=1.22, but you have numpy 1.26.4.\ntensorflow-intel 2.12.0 has requirement protobuf!=4.21.0,!=4.21.1,!=4.21.2,!=4.21.3,!=4.21.4,!=4.21.5,<5.0.0dev,>=3.20.3, but you have protobuf 5.26.1.\n"
          },
          "settings": {
            "passed": true,
            "message": "設置檢查通過",
            "warnings": [
              "DEBUG=True (生產環境應為False)"
            ]
          },
          "static_files": {
            "passed": true,
            "message": "靜態文件: 1 個文件",
            "static_root": "C:\\Users\\NM6101103\\Desktop\\reunion\\staticfiles"
          },
          "database": {
            "passed": true,
            "message": "數據庫連接正常",
            "database": "django.db.backends.sqlite3"
          },
          "tests": {
            "passed": true,
            "message": "關鍵測試通過率: 100.0%",
            "details": "3/3 個URL測試通過"
          }
        },
        "all_passed": false,
        "timestamp": "2025-07-15T11:07:01.057553"
      },
      "execution_time": 2.385536
    },
    "version": "2.0.0"
  },
  {
    "timestamp": "2025-07-15T11:14:03.988542",
    "command": "deploy",
    "results": {
      "module": "deploy",
      "action": "check",
      "result": {
        "checks": {
          "migrations": {
            "passed": true,
            "message": "所有遷移已應用",
            "details": null
          },
          "dependencies": {
            "passed": false,
            "message": "依賴項有問題",
            "details": "llama-cloud 0.1.8 has requirement certifi<2025.0.0,>=2024.7.4, but you have certifi 2025.7.14.\nllama-index-readers-file 0.4.3 has requirement beautifulsoup4<5.0.0,>=4.12.3, but you have beautifulsoup4 4.12.2.\nmetathreads 0.0.4 has requirement certifi==2023.5.7, but you have certifi 2025.7.14.\nmetathreads 0.0.4 has requirement h11==0.14.0, but you have h11 0.16.0.\nmetathreads 0.0.4 has requirement httpcore==0.17.3, but you have httpcore 1.0.9.\nmetathreads 0.0.4 has requirement httpx==0.24.1, but you have httpx 0.28.1.\nollama 0.4.6 has requirement httpx<0.28.0,>=0.27.0, but you have httpx 0.28.1.\ntensorflow-intel 2.12.0 has requirement numpy<1.24,>=1.22, but you have numpy 1.26.4.\ntensorflow-intel 2.12.0 has requirement protobuf!=4.21.0,!=4.21.1,!=4.21.2,!=4.21.3,!=4.21.4,!=4.21.5,<5.0.0dev,>=3.20.3, but you have protobuf 5.26.1.\n"
          },
          "settings": {
            "passed": true,
            "message": "設置檢查通過",
            "warnings": [
              "DEBUG=True (生產環境應為False)"
            ]
          },
          "static_files": {
            "passed": true,
            "message": "靜態文件: 1 個文件",
            "static_root": "C:\\Users\\NM6101103\\Desktop\\reunion\\staticfiles"
          },
          "database": {
            "passed": true,
            "message": "數據庫連接正常",
            "database": "django.db.backends.sqlite3"
          },
          "tests": {
            "passed": true,
            "message": "關鍵測試通過率: 100.0%",
            "details": "3/3 個URL測試通過"
          }
        },
        "all_passed": false,
        "timestamp": "2025-07-15T11:14:03.988542"
      },
      "execution_time": 2.144232
    },
    "version": "2.0.0"
  },
  {
    "timestamp": "2025-07-15T11:15:15.318755",
    "command": "deploy",
    "results": {
      "module": "deploy",
      "action": "check",
      "result": {
        "checks": {
          "migrations": {
            "passed": true,
            "message": "所有遷移已應用",
            "details": null
          },
          "dependencies": {
            "passed": true,
            "message": "關鍵依賴項檢查通過",
            "details": "llama-cloud 0.1.8 has requirement certifi<2025.0.0,>=2024.7.4, but you have certifi 2025.7.14.\nllama-index-readers-file 0.4.3 has requirement beautifulsoup4<5.0.0,>=4.12.3, but you have beautifulsoup4 4.12.2.\nmetathreads 0.0.4 has requirement certifi==2023.5.7, but you have certifi 2025.7.14.\nmetathreads 0.0.4 has requirement h11==0.14.0, but you have h11 0.16.0.\nmetathreads 0.0.4 has requirement httpcore==0.17.3, but you have httpcore 1.0.9.\nmetathreads 0.0.4 has requirement httpx==0.24.1, but you have httpx 0.28.1.\nollama 0.4.6 has requirement httpx<0.28.0,>=0.27.0, but you have httpx 0.28.1.\ntensorflow-intel 2.12.0 has requirement numpy<1.24,>=1.22, but you have numpy 1.26.4.\ntensorflow-intel 2.12.0 has requirement protobuf!=4.21.0,!=4.21.1,!=4.21.2,!=4.21.3,!=4.21.4,!=4.21.5,<5.0.0dev,>=3.20.3, but you have protobuf 5.26.1.\n"
          },
          "settings": {
            "passed": true,
            "message": "設置檢查通過",
            "warnings": [
              "DEBUG=True (生產環境應為False)"
            ]
          },
          "static_files": {
            "passed": true,
            "message": "靜態文件: 1 個文件",
            "static_root": "C:\\Users\\NM6101103\\Desktop\\reunion\\staticfiles"
          },
          "database": {
            "passed": true,
            "message": "數據庫連接正常",
            "database": "django.db.backends.sqlite3"
          },
          "tests": {
            "passed": true,
            "message": "關鍵測試通過率: 100.0%",
            "details": "3/3 個URL測試通過"
          }
        },
        "all_passed": true,
        "timestamp": "2025-07-15T11:15:15.318284"
      },
      "execution_time": 2.101469
    },
    "version": "2.0.0"
  },
  {
    "timestamp": "2025-07-15T11:23:14.804638",
    "command": "monitor",
    "results": {
      "module": "monitor",
      "action": "report",
      "result": {
        "report_time": "2025-07-15T11:23:14.800641",
        "system_metrics": {
          "timestamp": "2025-07-15T11:23:14.698461",
          "cpu_percent": 5.1,
          "memory_percent": 71.0,
          "memory_total_gb": 15.86,
          "memory_used_gb": 11.26,
          "disk_percent": 78.2,
          "disk_total_gb": 476.13,
          "disk_used_gb": 372.54,
          "network_sent_mb": 180.53,
          "network_recv_mb": 370.93,
          "process_count": 299
        },
        "django_metrics": {
          "error": "cannot import name 'SupplierProfile' from 'suppliers.models' (C:\\Users\\NM6101103\\Desktop\\reunion\\suppliers\\models.py)",
          "timestamp": "2025-07-15T11:23:14.698461"
        },
        "health_check": {
          "timestamp": "2025-07-15T11:23:14.800641",
          "test_results": {
            "home": {
              "status_code": 200,
              "response_time": 0.067,
              "success": true
            },
            "events": {
              "status_code": 200,
              "response_time": 0.007,
              "success": true
            },
            "suppliers": {
              "status_code": 200,
              "response_time": 0.005,
              "success": true
            },
            "dj_list": {
              "status_code": 200,
              "response_time": 0.01,
              "success": true
            },
            "admin": {
              "status_code": 302,
              "response_time": 0.012,
              "success": true
            }
          },
          "health_score": 100.0,
          "status": "healthy"
        },
        "alerts": [],
        "summary": {
          "overall_status": "healthy",
          "alert_count": 0,
          "health_score": 100.0
        }
      },
      "execution_time": 1.138411
    },
    "version": "2.0.0"
  },
  {
    "timestamp": "2025-07-15T11:25:51.662002",
    "command": "status",
    "results": {
      "module": "status",
      "stats": {
        "user": {
          "total_users": 6,
          "active_users": 6,
          "staff_users": 5,
          "superusers": 4,
          "recent_users": 6
        },
        "event": {
          "total_events": 0,
          "upcoming_events": 0,
          "past_events": 0,
          "this_month_events": 0,
          "approved_events": 0
        },
        "supplier": {
          "total_suppliers": 0,
          "approved_suppliers": 0,
          "pending_suppliers": 0,
          "rejected_suppliers": 0,
          "avg_experience": 0
        },
        "dj": {
          "total_djs": 0,
          "approved_djs": 0,
          "available_djs": 0,
          "pending_djs": 0,
          "avg_price": 0
        },
        "message": {
          "total_conversations": 3,
          "total_messages": 0,
          "today_messages": 0,
          "active_conversations": 0
        }
      },
      "test_results": {
        "首頁": true,
        "活動列表": true,
        "供應商列表": true
      },
      "overall_health": true,
      "execution_time": 0.087534
    },
    "version": "2.0.0"
  },
  {
    "timestamp": "2025-07-15T11:48:48.989794",
    "command": "deploy",
    "results": {
      "module": "deploy",
      "action": "check",
      "result": {
        "checks": {
          "migrations": {
            "passed": true,
            "message": "所有遷移已應用",
            "details": null
          },
          "dependencies": {
            "passed": true,
            "message": "關鍵依賴項檢查通過",
            "details": "llama-cloud 0.1.8 has requirement certifi<2025.0.0,>=2024.7.4, but you have certifi 2025.7.14.\nllama-index-readers-file 0.4.3 has requirement beautifulsoup4<5.0.0,>=4.12.3, but you have beautifulsoup4 4.12.2.\nmetathreads 0.0.4 has requirement certifi==2023.5.7, but you have certifi 2025.7.14.\nmetathreads 0.0.4 has requirement h11==0.14.0, but you have h11 0.16.0.\nmetathreads 0.0.4 has requirement httpcore==0.17.3, but you have httpcore 1.0.9.\nmetathreads 0.0.4 has requirement httpx==0.24.1, but you have httpx 0.28.1.\nollama 0.4.6 has requirement httpx<0.28.0,>=0.27.0, but you have httpx 0.28.1.\ntensorflow-intel 2.12.0 has requirement numpy<1.24,>=1.22, but you have numpy 1.26.4.\ntensorflow-intel 2.12.0 has requirement protobuf!=4.21.0,!=4.21.1,!=4.21.2,!=4.21.3,!=4.21.4,!=4.21.5,<5.0.0dev,>=3.20.3, but you have protobuf 5.26.1.\n"
          },
          "settings": {
            "passed": true,
            "message": "設置檢查通過",
            "warnings": [
              "DEBUG=True (生產環境應為False)"
            ]
          },
          "static_files": {
            "passed": true,
            "message": "靜態文件: 1 個文件",
            "static_root": "C:\\Users\\NM6101103\\Desktop\\reunion\\staticfiles"
          },
          "database": {
            "passed": true,
            "message": "數據庫連接正常",
            "database": "django.db.backends.sqlite3"
          },
          "tests": {
            "passed": true,
            "message": "關鍵測試通過率: 100.0%",
            "details": "3/3 個URL測試通過"
          }
        },
        "all_passed": true,
        "timestamp": "2025-07-15T11:48:48.988730"
      },
      "execution_time": 2.386392
    },
    "version": "2.0.0"
  },
  {
    "timestamp": "2025-07-15T11:53:34.518690",
    "command": "deploy",
    "results": {
      "module": "deploy",
      "action": "check",
      "result": {
        "checks": {
          "migrations": {
            "passed": true,
            "message": "所有遷移已應用",
            "details": null
          },
          "dependencies": {
            "passed": true,
            "message": "關鍵依賴項檢查通過",
            "details": "llama-cloud 0.1.8 has requirement certifi<2025.0.0,>=2024.7.4, but you have certifi 2025.7.14.\nllama-index-readers-file 0.4.3 has requirement beautifulsoup4<5.0.0,>=4.12.3, but you have beautifulsoup4 4.12.2.\nmetathreads 0.0.4 has requirement certifi==2023.5.7, but you have certifi 2025.7.14.\nmetathreads 0.0.4 has requirement h11==0.14.0, but you have h11 0.16.0.\nmetathreads 0.0.4 has requirement httpcore==0.17.3, but you have httpcore 1.0.9.\nmetathreads 0.0.4 has requirement httpx==0.24.1, but you have httpx 0.28.1.\nollama 0.4.6 has requirement httpx<0.28.0,>=0.27.0, but you have httpx 0.28.1.\ntensorflow-intel 2.12.0 has requirement numpy<1.24,>=1.22, but you have numpy 1.26.4.\ntensorflow-intel 2.12.0 has requirement protobuf!=4.21.0,!=4.21.1,!=4.21.2,!=4.21.3,!=4.21.4,!=4.21.5,<5.0.0dev,>=3.20.3, but you have protobuf 5.26.1.\n"
          },
          "settings": {
            "passed": true,
            "message": "設置檢查通過",
            "warnings": [
              "DEBUG=True (生產環境應為False)"
            ]
          },
          "static_files": {
            "passed": true,
            "message": "靜態文件: 1 個文件",
            "static_root": "C:\\Users\\NM6101103\\Desktop\\reunion\\staticfiles"
          },
          "database": {
            "passed": true,
            "message": "數據庫連接正常",
            "database": "django.db.backends.sqlite3"
          },
          "tests": {
            "passed": true,
            "message": "關鍵測試通過率: 100.0%",
            "details": "3/3 個URL測試通過"
          }
        },
        "all_passed": true,
        "timestamp": "2025-07-15T11:53:34.518690"
      },
      "execution_time": 2.128565
    },
    "version": "2.0.0"
  }
]